metric,n,mean_agg_bitransformer,mean_BiTA,mean_diff,ci95_lo,ci95_hi,cohens_dz,t,p_ttest,W,p_wilcoxon,p_ttest_holm,sig
test_auc,10,0.9366681441857688,0.9535251605750107,0.016857016389241676,-0.0015430790525588212,0.03525711183104217,0.6553652466774774,2.0724468788189263,0.06809357100641164,10.0,0.083984375,1.0,
test_ap,10,0.9287472705702656,0.9533324171574741,0.024585146587208416,-0.00016313430100383178,0.04933342747542066,0.7106414572754233,2.2472456047315728,0.05123329052923876,9.0,0.064453125,1.0,
test_category_mrr,10,0.956059645701284,0.9537591418820088,-0.0023005038192751236,-0.018721191963235007,0.014120184324684761,-0.10021999564833646,-0.31692345334090655,0.7585298344124154,24.0,0.76953125,1.0,
test_link_mrr,10,0.43225623220205306,0.5151012450456619,0.08284501284360886,-0.032686542158075926,0.19837656784529364,0.5129659343894382,1.622140714747119,0.1392226185110712,14.0,0.193359375,1.0,
test_link_hits1,10,0.31313505607020964,0.421891760117016,0.10875670404680644,-0.025720737950727893,0.2432341460443408,0.5785346460703588,1.8294871869017155,0.10057747463960268,13.0,0.16015625,1.0,
test_link_hits3,10,0.4861921014139444,0.5597562164797659,0.07356411506582154,-0.04224117545264784,0.18936940558429094,0.45442308817111543,1.4370119799882441,0.18455442306174458,18.0,0.375,1.0,
test_link_hits10,10,0.6514773281326183,0.6727742564602632,0.02129692832764507,-0.07993440767053468,0.12252826432582482,0.15049593690452842,0.47590993921930025,0.6454783337926597,26.0,0.921875,1.0,
test_category_accuracy,10,0.9210336421257923,0.9137201365187713,-0.007313505607020987,-0.03837098465977434,0.023743973445732373,-0.16845432734418364,-0.5326993561192033,0.607141594006114,22.0,0.625,1.0,
test_f1_macro,10,0.8762482335507109,0.8773657476841583,0.0011175141334474393,-0.0527718634556382,0.055006891722533084,0.014834490369830465,0.04691077749649785,0.9636087912077266,27.0,1.0,1.0,
test_link_acc,10,0.8568990736226232,0.8800243783520234,0.02312530472940031,-0.0021571818836507925,0.04840779134245141,0.6543203876280501,2.0691427443888974,0.06845903293522948,10.0,0.083984375,1.0,
test_link_precision,10,0.8603646210676749,0.8797652695252506,0.01940064845757563,-0.012808771237841597,0.051610068152992856,0.43087978565507884,1.3625615203951955,0.2061393724710576,15.0,0.232421875,1.0,
test_link_recall,10,0.8563725012189176,0.8820770355923939,0.02570453437347634,0.0034922931644476227,0.04791677558250506,0.8278280433652236,2.617822127994747,0.02791043569223146,7.0,0.037109375,1.0,
test_link_f1,10,0.857059386549517,0.8800197228385876,0.022960336289070616,6.874146413377025e-05,0.04585193111400746,0.7175050604120956,2.2689502235989334,0.04944785903096404,7.0,0.037109375,1.0,
tuned_link_threshold,10,0.39999999999999997,0.402,0.0020000000000000074,-0.08527484553673768,0.08927484553673769,0.01639319786981561,0.051839843402437774,0.9597886729906535,26.0,0.8984375,1.0,
nn_test_auc,10,0.8990959511078339,0.9576098527220834,0.058513901614249554,-0.0027455749547334596,0.11977337818323257,0.6832954827471576,2.1607700403853047,0.05899346945956851,0.0,0.001953125,1.0,
nn_test_ap,10,0.9060618149708948,0.9613218894242092,0.05526007445331456,0.005064583858428229,0.10545556504820089,0.7875344063010086,2.4904024596596472,0.034399285365914516,0.0,0.001953125,1.0,
nn_test_category_mrr,10,0.9510720944686142,0.953822249844624,0.002750155376009955,-0.019259878725518237,0.02476018947753815,0.08938389789157462,0.28265670348129796,0.7838330849394531,23.0,0.6953125,1.0,
nn_test_link_mrr,10,0.51848503947258,0.6744576632976532,0.15597262382507324,-0.0054880342273215255,0.317433281877468,0.6910419847256152,2.1852666305362307,0.05668589729634099,9.0,0.064453125,1.0,
nn_test_link_hits1,10,0.39676817899316347,0.5892635177128651,0.19249533871970168,0.0011933550203328258,0.3837973224190705,0.7198193518824195,2.2762686558146568,0.04885970839121635,8.0,0.048828125,1.0,
nn_test_link_hits3,10,0.5844157862026103,0.7314947172156618,0.14707893101305164,-0.022054852880824982,0.31621271490692826,0.6220751797818594,1.967174443969402,0.08070807514162624,11.0,0.10546875,1.0,
nn_test_link_hits10,10,0.7322871348663766,0.8112647607209447,0.07897762585456806,-0.04220835186287415,0.2001636035720103,0.46620237040923734,1.474261341062675,0.17450927411475078,17.0,0.322265625,1.0,
test_auc_random_cc,10,0.9373692931656699,0.9542844015869344,0.01691510842126457,-0.00089130927650969,0.03472152611903883,0.6795493529227193,2.148923737729393,0.06014187266781062,10.0,0.083984375,1.0,
test_ap_random_cc,10,0.9288826332070501,0.9534038036807944,0.024521170473744337,-0.0012260853488860537,0.05026842629637473,0.6812915815851363,2.1544331485074593,0.05960510661093229,11.0,0.10546875,1.0,
test_link_acc_random_cc,10,0.858137493905412,0.8810628961482205,0.02292540224280839,-0.0012352434106532792,0.04708604789627006,0.6787833840110404,2.1465015313516074,0.06037934237195212,9.0,0.064453125,1.0,
test_link_f1_random_cc,10,0.8580142429204132,0.8809253332524054,0.022911090331992366,0.0007018235571503231,0.04512035710683441,0.7379625297163837,2.333642421763464,0.04448101652404637,8.0,0.048828125,1.0,
test_auc_historical,10,0.8538395759426672,0.8826420466309972,0.028802470688330084,-0.004171391399769686,0.061776332776429854,0.6248599651707327,1.9759807085929997,0.07957272746440587,8.0,0.048828125,1.0,
test_ap_historical,10,0.808995712757579,0.855548103749069,0.04655239099148996,-0.009272365667042683,0.10237714765002259,0.5965377437989935,1.8864179806628052,0.0918602805430124,9.0,0.064453125,1.0,
test_link_acc_historical,10,0.7837981472452463,0.8071818625060946,0.02338371526084837,-0.007952739015035001,0.05472016953673174,0.5338096662701624,1.6880543824280725,0.1256710527329907,12.0,0.130859375,1.0,
test_link_f1_historical,10,0.7990484177448772,0.8207802340648636,0.02173181631998621,-0.001689483185086653,0.04515311582505907,0.6637550098542138,2.0989776394868223,0.0652264061874174,8.0,0.048828125,1.0,
test_auc_inductive,10,0.8759933052837671,0.9087284522587238,0.03273514697495681,-0.00012319759638167171,0.06559349154629529,0.7126747790248207,2.253675532675627,0.05069787804786753,3.0,0.009765625,1.0,
test_ap_inductive,10,0.8667257711349519,0.9118104689727226,0.045084697837770436,0.005260136234652699,0.08490925944088817,0.8098431885644385,2.5609490234368524,0.030639385875236777,6.0,0.02734375,1.0,
test_link_acc_inductive,10,0.7806387128230131,0.8068844466114091,0.026245733788395887,-0.00721189738590786,0.05970336496269964,0.5611594801791081,1.774542087962094,0.10971745973628648,7.0,0.037109375,1.0,
test_link_f1_inductive,10,0.7969583348754257,0.8205455438776752,0.023587209002249577,-0.0006480299481180299,0.047822447952617184,0.6962288627270469,2.201668978966177,0.05519015205016551,5.0,0.01953125,1.0,
test_c0_acc,10,0.9384894259818731,0.9589123867069486,0.020422960725075545,-0.006661615605933747,0.047507537056084834,0.5394105418707881,1.7057659062173136,0.12224032036042012,13.0,0.154296875,1.0,
test_c1_acc,10,0.9588118811881188,0.8647524752475247,-0.09405940594059409,-0.23550514360598931,0.04738633172480114,-0.4757021789534186,-1.5043023733978165,0.16675968545979702,15.0,0.42578125,1.0,
test_c2_acc,10,1.0,1.0,0.0,0.0,0.0,0.0,0.0,1.0,0.0,1.0,1.0,
test_c3_acc,10,0.9132432773639693,0.9055043555106679,-0.007738921853301384,-0.0498361319176571,0.034358288211054334,-0.13150731803991744,-0.4158626539862891,0.6872512562828953,27.0,1.0,1.0,
test_c0_precision,10,0.8424998267141157,0.7380505680270859,-0.1044492586870299,-0.20763586523499797,-0.0012626521390618206,-0.7241104347253545,-2.289838251226802,0.04778729722054651,9.0,0.064453125,1.0,
test_c1_precision,10,0.8241589823808123,0.9041752969141499,0.08001631453333748,-0.17739455970662538,0.3374271887733003,0.22236909517032874,0.7031928219689868,0.49972038890269144,14.0,0.640625,1.0,
test_c2_precision,10,0.7432627131445189,0.8281599226322441,0.0848972094877252,-0.08084147064664057,0.25063588962209093,0.36643108932354634,1.1587568477590144,0.2763762771758865,12.0,0.25,1.0,
test_c3_precision,10,0.9889621477810102,0.9897694007733915,0.0008072529923810578,-0.007574485481275328,0.009188991466037444,0.06889668590594442,0.21787045070000569,0.8323896167762352,24.0,0.76953125,1.0,
test_c0_auc,10,0.9891390430689242,0.9888273378767651,-0.0003117051921591507,-0.006108331645916218,0.005484921261597917,-0.03846728155019155,-0.12164422509357799,0.9058535160283928,26.0,0.921875,1.0,
test_c1_auc,10,0.9968147042396547,0.9976802843361259,0.0008655800964711303,-0.005746173393879937,0.007477333586822197,0.09365120774466433,0.2961511220987399,0.7738345280609863,21.0,0.91015625,1.0,
test_c2_auc,10,0.9999525681063843,1.0,4.743189361573474e-05,-5.886723374033918e-05,0.00015373102097180865,0.3192004817464094,1.009400552541655,0.3391487205394493,0.0,0.5,1.0,
test_c3_auc,10,0.9830859596051713,0.9924938339798743,0.009407874374702908,-0.005582066478085944,0.024397815227491758,0.4489669419340018,1.4197581306320077,0.1893750562185181,15.0,0.232421875,1.0,
test_c0_recall,10,0.9384894259818731,0.9589123867069486,0.020422960725075545,-0.006661615605933747,0.047507537056084834,0.5394105418707881,1.7057659062173136,0.12224032036042012,13.0,0.154296875,1.0,
test_c1_recall,10,0.9588118811881188,0.8647524752475247,-0.09405940594059409,-0.23550514360598931,0.04738633172480114,-0.4757021789534186,-1.5043023733978165,0.16675968545979702,15.0,0.42578125,1.0,
test_c2_recall,10,1.0,1.0,0.0,0.0,0.0,0.0,0.0,1.0,0.0,1.0,1.0,
test_c3_recall,10,0.9132432773639693,0.9055043555106679,-0.007738921853301384,-0.0498361319176571,0.034358288211054334,-0.13150731803991744,-0.4158626539862891,0.6872512562828953,27.0,1.0,1.0,
nntest_c0_acc,10,0.8567901234567902,0.9069135802469136,0.05012345679012349,-0.023503777855723648,0.12375069143597063,0.4869958940928317,1.5400162364834877,0.15794251459355682,14.0,0.193359375,1.0,
nntest_c1_acc,10,0.9462686567164178,0.8611940298507463,-0.08507462686567163,-0.24574635365522604,0.07559709992388278,-0.37877679581391155,-1.1977973995924922,0.2615880821431992,14.0,0.640625,1.0,
nntest_c2_acc,10,1.0,1.0,0.0,0.0,0.0,0.0,0.0,1.0,0.0,1.0,1.0,
nntest_c3_acc,10,0.9147147651006712,0.9134731543624162,-0.0012416107382550057,-0.04741569677145769,0.044932475294947684,-0.019235785533456447,-0.06082889486823941,0.9528248539333956,25.0,0.845703125,1.0,
nntest_c0_precision,10,0.7087588887055881,0.5334903897257313,-0.1752684989798569,-0.3674822919780265,0.016945294018312657,-0.6522920607760287,-2.0627286116972305,0.06917387615935615,10.0,0.083984375,1.0,
nntest_c1_precision,10,0.6516381325843466,0.859126610701874,0.20748847811752738,-0.2229572911016485,0.6379342473367032,0.34482465932924317,1.0904313168720376,0.3038553389758646,9.0,0.46875,1.0,
nntest_c2_precision,10,0.4727889478025215,0.6449791144527987,0.17219016665027717,-0.2654505236857322,0.6098308569862865,0.28145788902522506,0.8900479947426202,0.39660794457795645,19.0,0.431640625,1.0,
nntest_c3_precision,10,0.9923605813509548,0.9940820954868836,0.001721514135928992,-0.003086766816813223,0.006529795088671207,0.2561200225125343,0.8099226255132095,0.43887346688360146,22.0,0.625,1.0,
nntest_c0_auc,10,0.9753714450646965,0.9827788115313677,0.007407366466671228,-0.010030306461537332,0.024845039394879788,0.3038771732217116,0.9609439963141353,0.36168459056267466,24.0,0.76953125,1.0,
nntest_c1_auc,10,0.9961075451756759,0.9990759813743342,0.002968436198658153,-0.0022000828324599993,0.008136955229776305,0.41085102364110354,1.2992250137175723,0.22616089358426233,19.0,0.734375,1.0,
nntest_c2_auc,10,0.9998950559701493,1.0,0.0001049440298507398,-0.0001047919214729769,0.0003146799811744565,0.3579378548136835,1.1318988820059042,0.28693291899493656,0.0,0.5,1.0,
nntest_c3_auc,10,0.9726014466189161,0.9881962734758332,0.015594826856917321,-0.0017775479855461837,0.032967201699380826,0.6421613159211934,2.030692383561919,0.0728528867195771,8.0,0.048828125,1.0,
nntest_c0_recall,10,0.8567901234567902,0.9069135802469136,0.05012345679012349,-0.023503777855723648,0.12375069143597063,0.4869958940928317,1.5400162364834877,0.15794251459355682,14.0,0.193359375,1.0,
nntest_c1_recall,10,0.9462686567164178,0.8611940298507463,-0.08507462686567163,-0.24574635365522604,0.07559709992388278,-0.37877679581391155,-1.1977973995924922,0.2615880821431992,14.0,0.640625,1.0,
nntest_c2_recall,10,1.0,1.0,0.0,0.0,0.0,0.0,0.0,1.0,0.0,1.0,1.0,
nntest_c3_recall,10,0.9147147651006712,0.9134731543624162,-0.0012416107382550057,-0.04741569677145769,0.044932475294947684,-0.019235785533456447,-0.06082889486823941,0.9528248539333956,25.0,0.845703125,1.0,
