metric,n,mean_cat_tgn_mean,mean_BiTA,mean_diff,ci95_lo,ci95_hi,cohens_dz,t,p_ttest,W,p_wilcoxon,p_ttest_holm,sig
test_auc,10,0.9335861204806447,0.9535251605750107,0.019939040094365958,-0.005684559020555445,0.04556263920928736,0.556655993795367,1.760300813577917,0.11220906101820644,11.0,0.10546875,1.0,
test_ap,10,0.9251699542629723,0.9533324171574741,0.028162462894501705,0.0005195122558580151,0.055805413533145394,0.728801081479371,2.3046713786687696,0.046641485912540186,9.0,0.064453125,1.0,
test_category_mrr,10,0.9507646676418007,0.9537591418820088,0.002994474240208056,-0.022728854864523897,0.028717803344940007,0.08327529530732619,0.26333960599428224,0.798218694911287,26.0,0.921875,1.0,
test_link_mrr,10,0.4411050707101822,0.5151012450456619,0.07399617433547974,-0.05905162437127438,0.20704397304223388,0.3978545668610715,1.2581266087807332,0.24000524766908432,16.0,0.275390625,1.0,
test_link_hits1,10,0.3141589468551926,0.421891760117016,0.10773281326182352,-0.06828633445497115,0.2837519609786182,0.4378353887412907,1.3845570686477215,0.19954789926912142,16.0,0.275390625,1.0,
test_link_hits3,10,0.5026523647001462,0.5597562164797659,0.057103851779619706,-0.059263619136822536,0.17347132269606194,0.3510399805578682,1.110085888344089,0.29573956220409264,19.0,0.431640625,1.0,
test_link_hits10,10,0.6792881521209166,0.6727742564602632,-0.006513895660653324,-0.08011841389762689,0.06709062257632023,-0.06330807343400252,-0.20019770632864542,0.845776573331072,24.0,0.76953125,1.0,
test_category_accuracy,10,0.9080058508044855,0.9137201365187713,0.005714285714285694,-0.03892109084679252,0.05034966227536391,0.0915810297424102,0.2896046444496396,0.7786797067458346,24.0,0.76953125,1.0,
test_f1_macro,10,0.8805632092294552,0.8773657476841583,-0.0031974615452968536,-0.07737369281328822,0.07097876972269453,-0.030836376544123068,-0.09751318466602059,0.9244559667214887,24.0,0.76953125,1.0,
test_link_acc,10,0.8564553876157971,0.8800243783520234,0.023568990736226238,-0.007025020078667166,0.05416300155111964,0.5510961080562331,1.7427189111119652,0.11535717586586446,12.0,0.130859375,1.0,
test_link_precision,10,0.840247328281675,0.8797652695252506,0.03951794124357556,-0.014270674235337087,0.09330655672248822,0.5255653436444653,1.66198354516561,0.13088097215899291,14.0,0.193359375,1.0,
test_link_recall,10,0.8881326182350074,0.8820770355923939,-0.006055582642613344,-0.05869136078779797,0.04658019550257129,-0.08229958814555581,-0.26025414903374955,0.8005240953394697,25.0,0.845703125,1.0,
test_link_f1,10,0.8606781422300342,0.8800197228385876,0.0193415806085533,-0.009209959813048764,0.04789312103015536,0.4846019884184074,1.5324460420487054,0.15977621724250474,14.0,0.193359375,1.0,
tuned_link_threshold,10,0.38300000000000006,0.402,0.019,-0.11179929301268986,0.14979929301268985,0.10391326207033845,0.32860258724025343,0.7499728956662165,16.0,0.48828125,1.0,
nn_test_auc,10,0.9122312485104569,0.9576098527220834,0.04537860421162658,-0.012006204642841474,0.10276341306609463,0.5656880026981049,1.7888625335574873,0.10726372693265399,11.0,0.10546875,1.0,
nn_test_ap,10,0.9231621259825925,0.9613218894242092,0.038159763441616854,-0.008721302593028571,0.08504082947626228,0.5822787879438197,1.8413272031046621,0.09870314240639169,8.0,0.048828125,1.0,
nn_test_category_mrr,10,0.9440607520198881,0.953822249844624,0.009761497824735888,-0.016135285863391163,0.03565828151286294,0.26964564270365077,0.8526943920834996,0.41594335963681217,22.0,0.625,1.0,
nn_test_link_mrr,10,0.5249019607901573,0.6744576632976532,0.1495557025074959,-0.04328766144710433,0.3423990664620961,0.5547803275264288,1.7543694360377227,0.11326213045703364,14.0,0.193359375,1.0,
nn_test_link_hits1,10,0.38819142324425104,0.5892635177128651,0.20107209446861404,-0.060993658456220595,0.46313784739344865,0.5488634427458534,1.7356586034783186,0.11664410083643666,13.0,0.16015625,1.0,
nn_test_link_hits3,10,0.6045214418893723,0.7314947172156618,0.12697327532628963,-0.03267376159732041,0.2866203122498997,0.568950173637347,1.799178423842303,0.10552779652437877,14.0,0.193359375,1.0,
nn_test_link_hits10,10,0.7826134244872592,0.8112647607209447,0.028651336233685525,-0.05725438284636984,0.1145570553137409,0.2385863416259208,0.7544762581449505,0.4698434532235634,24.0,0.76953125,1.0,
test_auc_random_cc,10,0.9342077544316659,0.9542844015869344,0.020076647155268523,-0.004337022546689648,0.044490316857226694,0.5882756818859433,1.8602910468482385,0.09576898502460032,10.0,0.083984375,1.0,
test_ap_random_cc,10,0.9252713065587208,0.9534038036807944,0.028132497122073552,0.002162592599211418,0.05410240164493568,0.7749268419819828,2.4505338406644563,0.03672454319337521,9.0,0.064453125,1.0,
test_link_acc_random_cc,10,0.8572745002437836,0.8810628961482205,0.023788395904436842,-0.005788216708146818,0.0533650085170205,0.5753597788599712,1.819447375248306,0.10219279686009279,12.0,0.130859375,1.0,
test_link_f1_random_cc,10,0.8613219037683002,0.8809253332524054,0.019603429484105272,-0.008070682625266598,0.04727754159347714,0.5067352696534966,1.602437622844652,0.14352259452078178,12.0,0.130859375,1.0,
test_auc_historical,10,0.8394800148623556,0.8826420466309972,0.04316203176864171,0.008387897387245685,0.07793616615003773,0.8879087301722082,2.8078139416920473,0.02044993820103105,6.0,0.02734375,1.0,
test_ap_historical,10,0.8049715731107534,0.855548103749069,0.05057653063831541,0.012359253522264087,0.08879380775436674,0.9466993256031854,2.9937261282514234,0.015109317269562054,6.0,0.02734375,0.9821056225215336,
test_link_acc_historical,10,0.7596148220380302,0.8071818625060946,0.047567040468064384,0.00746798738363872,0.08766609355249005,0.8485839010655357,2.683457913118078,0.02506368041590542,4.0,0.013671875,1.0,
test_link_f1_historical,10,0.78668592501374,0.8207802340648636,0.03409430905112344,0.00369446334245168,0.0644941547597952,0.8022935270050399,2.5370748973457338,0.03186333891340062,7.0,0.037109375,1.0,
test_auc_inductive,10,0.8707937886193629,0.9087284522587238,0.03793466363936114,-0.002191232662640069,0.07806055994136235,0.6762920236310799,2.1386231580786292,0.06115803043164828,9.0,0.064453125,1.0,
test_ap_inductive,10,0.8666114821855073,0.9118104689727226,0.04519898678721514,0.0031894374129952247,0.08720853616143505,0.7696680355479671,2.4339040345590184,0.03774011771493248,8.0,0.048828125,1.0,
test_link_acc_inductive,10,0.7605948317893712,0.8068844466114091,0.046289614822038014,0.006792691284308323,0.08578653835976771,0.8383841745556451,2.6512035458360232,0.026424019750881173,5.0,0.01953125,1.0,
test_link_f1_inductive,10,0.7876680650009356,0.8205455438776752,0.03287747887673964,0.0026920084771724674,0.06306294927630682,0.7791540517360164,2.4639014516344817,0.03592794978912224,5.0,0.01953125,1.0,
test_c0_acc,10,0.9445921450151058,0.9589123867069486,0.014320241691842862,-0.004303504924586164,0.03294398830827189,0.5500549379463722,1.7394264421331165,0.11595567900684166,13.0,0.16015625,1.0,
test_c1_acc,10,0.9900990099009901,0.8647524752475247,-0.12534653465346537,-0.2617674034885005,0.011074334181569778,-0.657285868134125,-2.0785204171449227,0.06742668348731838,5.0,0.078125,1.0,
test_c2_acc,10,0.9971264367816092,1.0,0.0028735632183907955,-0.0036268883988454033,0.009374014835626995,0.316227766016838,1.0,0.3434363961379136,0.0,1.0,1.0,
test_c3_acc,10,0.8931700542860751,0.9055043555106679,0.012334301224592826,-0.04115913327811822,0.06582773572730388,0.16494412152369337,0.5215991106704739,0.6145410390700882,22.0,1.0,1.0,
test_c0_precision,10,0.8138493629814476,0.7380505680270859,-0.07579879495436168,-0.19280088228762843,0.04120329237890509,-0.4634378126982348,-1.4655190419729254,0.17682297581610623,14.0,0.193359375,1.0,
test_c1_precision,10,0.7501758404671148,0.9041752969141499,0.15399945644703505,-0.023298817075235373,0.3312977299693055,0.6213516493790187,1.9648864399400463,0.08100556682580409,8.0,0.044921875,1.0,
test_c2_precision,10,0.8431522293015228,0.8281599226322441,-0.014992306669278676,-0.29165225495911606,0.26166764162055867,-0.038765459831080706,-0.12258714760998116,0.9051277747699814,27.0,1.0,1.0,
test_c3_precision,10,0.988737357068884,0.9897694007733915,0.001032043704507457,-0.005874024880495156,0.00793811228951007,0.10690302046611921,0.33805703342453186,0.743072217640547,19.0,0.431640625,1.0,
test_c0_auc,10,0.9874623972458372,0.9888273378767651,0.0013649406309280908,-0.015498098964207967,0.018227980226064148,0.05790294810527531,0.18310519925120108,0.8587739870816382,12.0,0.130859375,1.0,
test_c1_auc,10,0.9975469713125159,0.9976802843361259,0.00013331302361000442,-0.006299996953618023,0.006566623000838031,0.014823845335109786,0.04687711494100892,0.9636348838083748,27.0,1.0,1.0,
test_c2_auc,10,0.9999998289715375,1.0,1.710284625588976e-07,-2.1586479906107713e-07,5.579217241788723e-07,0.31622776601683794,1.0,0.3434363961379136,0.0,1.0,1.0,
test_c3_auc,10,0.9866174401953653,0.9924938339798743,0.005876393784508926,-0.009197023730033484,0.020949811299051338,0.2788829322810119,0.8819052665544949,0.4007679046304512,27.0,1.0,1.0,
test_c0_recall,10,0.9445921450151058,0.9589123867069486,0.014320241691842862,-0.004303504924586164,0.03294398830827189,0.5500549379463722,1.7394264421331165,0.11595567900684166,13.0,0.16015625,1.0,
test_c1_recall,10,0.9900990099009901,0.8647524752475247,-0.12534653465346537,-0.2617674034885005,0.011074334181569778,-0.657285868134125,-2.0785204171449227,0.06742668348731838,5.0,0.078125,1.0,
test_c2_recall,10,0.9971264367816092,1.0,0.0028735632183907955,-0.0036268883988454033,0.009374014835626995,0.316227766016838,1.0,0.3434363961379136,0.0,1.0,1.0,
test_c3_recall,10,0.8931700542860751,0.9055043555106679,0.012334301224592826,-0.04115913327811822,0.06582773572730388,0.16494412152369337,0.5215991106704739,0.6145410390700882,22.0,1.0,1.0,
nntest_c0_acc,10,0.8617283950617285,0.9069135802469136,0.04518518518518524,-0.017706208883965895,0.10807657925433636,0.5139579865926465,1.6252778592670454,0.13854879062799316,14.0,0.193359375,1.0,
nntest_c1_acc,10,0.9805970149253731,0.8611940298507463,-0.11940298507462688,-0.2780876308556023,0.03928166070634853,-0.538273564819508,-1.7021704690879262,0.12292975111598868,9.0,0.25,1.0,
nntest_c2_acc,10,0.9,1.0,0.1,-0.12621571627982048,0.3262157162798205,0.31622776601683794,1.0,0.3434363961379136,0.0,1.0,1.0,
nntest_c3_acc,10,0.8964429530201343,0.9134731543624162,0.017030201342281892,-0.030342731570968687,0.06440313425553247,0.2571652500929417,0.8132279253405238,0.4370715239840588,22.0,0.625,1.0,
nntest_c0_precision,10,0.6391271240989356,0.5334903897257313,-0.10563673437320423,-0.2749946897005231,0.06372122095411462,-0.44620264405064297,-1.4110166531894113,0.19185865057384024,18.0,0.375,1.0,
nntest_c1_precision,10,0.571853039765905,0.859126610701874,0.287273570935969,-0.008432313186673035,0.582979455058611,0.6949578750575961,2.1976497630527234,0.05555307133887797,6.0,0.05078125,1.0,
nntest_c2_precision,10,0.4488263305322128,0.6449791144527987,0.1961527839205858,-0.3745919592099801,0.7668975270511517,0.2458528970995053,0.7774551241854408,0.4568389782787385,18.0,0.375,1.0,
nntest_c3_precision,10,0.9904122322545605,0.9940820954868836,0.0036698632323231783,-0.00039737858319440584,0.007737105047840762,0.6454649431450461,2.0411393701294323,0.07163301743562599,11.0,0.10546875,1.0,
nntest_c0_auc,10,0.9749034515087684,0.9827788115313677,0.007875360022599264,-0.020270361308887475,0.03602108135408601,0.20016162004948285,0.6329666195055907,0.5425018810060949,20.0,0.4921875,1.0,
nntest_c1_auc,10,0.9954977819334792,0.9990759813743342,0.00357819944085509,-0.003452223572300233,0.010608622454010414,0.3640875771153983,1.151346011456856,0.2792577105742073,13.0,0.546875,1.0,
nntest_c2_auc,10,1.0,1.0,0.0,0.0,0.0,0.0,0.0,1.0,0.0,1.0,1.0,
nntest_c3_auc,10,0.9747100769838136,0.9881962734758332,0.013486196492019587,-0.007607673233819012,0.03458006621785818,0.45735770255687513,1.446292045501541,0.18200589939457287,13.0,0.16015625,1.0,
nntest_c0_recall,10,0.8617283950617285,0.9069135802469136,0.04518518518518524,-0.017706208883965895,0.10807657925433636,0.5139579865926465,1.6252778592670454,0.13854879062799316,14.0,0.193359375,1.0,
nntest_c1_recall,10,0.9805970149253731,0.8611940298507463,-0.11940298507462688,-0.2780876308556023,0.03928166070634853,-0.538273564819508,-1.7021704690879262,0.12292975111598868,9.0,0.25,1.0,
nntest_c2_recall,10,0.9,1.0,0.1,-0.12621571627982048,0.3262157162798205,0.31622776601683794,1.0,0.3434363961379136,0.0,1.0,1.0,
nntest_c3_recall,10,0.8964429530201343,0.9134731543624162,0.017030201342281892,-0.030342731570968687,0.06440313425553247,0.2571652500929417,0.8132279253405238,0.4370715239840588,22.0,0.625,1.0,
