comparison,metric,n,dz_sequential,p_sequential,dz_subsampled_mean,dz_subsampled_q25,dz_subsampled_q75,prob_significant,wilcoxon_floor
BiTA vs BiGRU,test_auc_historical,3,0.13583686273772141,0.8358900729922601,0.8704042214825892,0.03150642431041198,1.3630872112459311,0.0925,0.25
BiTA vs BiGRU,test_auc_historical,4,0.3922376069444224,0.4900038877009728,0.5078529515254346,0.012160615696910359,0.8200372610009332,0.095,0.125
BiTA vs BiGRU,test_auc_historical,5,0.3986462048375189,0.423089567945864,0.5208379749521055,0.036868854844605,0.8517352688905431,0.1375,0.0625
BiTA vs BiGRU,test_auc_historical,6,0.5913351745396448,0.2071540063922634,0.39964733313028517,0.06526804012148194,0.6461046135124457,0.0925,0.03125
BiTA vs BiGRU,test_auc_historical,7,0.6851547179400873,0.119817869334873,0.4278349438319184,0.12198973867335405,0.6702921268504218,0.1275,0.015625
BiTA vs BiGRU,test_auc_historical,8,0.818560572334432,0.05377021294268491,0.3984101771827516,0.11485583211349812,0.6261074509349203,0.14,0.0078125
BiTA vs BiGRU,test_auc_historical,9,0.9069968029130423,0.026208528006238276,0.3987857618730445,0.1468475065965053,0.6115382233370356,0.1525,0.00390625
BiTA vs BiGRU,test_auc_historical,10,0.6696298616267695,0.06328840411057406,0.4027192379442559,0.17137195076948403,0.5971321261241185,0.1675,0.001953125
BiTA vs BiGRU,test_auc_historical,11,0.6575811808105718,0.05415844052279916,0.36242222631475185,0.16463312791431173,0.5182939530397271,0.145,0.0009765625
BiTA vs BiGRU,test_auc_historical,12,0.32645272581245843,0.2821652173699318,0.3356276874056259,0.16107470452497594,0.48102722307409834,0.115,0.00048828125
BiTA vs BiGRU,test_auc_historical,13,0.16127381380743308,0.5716776297951051,0.3629234239016016,0.21259802181416032,0.4917104904944026,0.13,0.000244140625
BiTA vs BiGRU,test_auc_historical,14,0.20971327531401565,0.44670797232875364,0.34238705769268735,0.18648316336134815,0.46253633662151206,0.14,0.0001220703125
BiTA vs BiGRU,test_auc_historical,15,0.19948147388609327,0.45261250625495647,0.3531582647181608,0.19905617401966358,0.476038443807895,0.16,6.103515625e-05
BiTA vs BiGRU,test_auc_historical,16,0.18733475286698129,0.4652431353798162,0.34788601038873085,0.21984228666168512,0.45343329021567347,0.13,3.0517578125e-05
BiTA vs BiGRU,test_auc_historical,17,0.2143544099243528,0.38988839416389226,0.33625589555384616,0.2258951991360545,0.4348658730843833,0.105,1.52587890625e-05
BiTA vs BiGRU,test_auc_historical,18,0.28037542952767464,0.2505795042934447,0.3392207693401591,0.23210906222461414,0.4359531675513966,0.135,7.62939453125e-06
BiTA vs BiGRU,test_auc_historical,19,0.305247864160972,0.19995040516803964,0.3407212094890342,0.25074645369732673,0.4256396664839569,0.15,3.814697265625e-06
BiTA vs BiGRU,test_auc_historical,20,0.3626180797414412,0.12134950658720163,0.33429560333519037,0.2513524462186826,0.3892118744431501,0.1375,1.9073486328125e-06
BiTA vs BiGRU,test_auc_historical,21,0.31213656603420614,0.16804372202782278,0.3271598893890111,0.256841778373202,0.3834338548012084,0.105,9.5367431640625e-07
BiTA vs BiGRU,test_auc_historical,22,0.28357072689340396,0.19776290063647706,0.33854722347488136,0.27469866290283756,0.3934011869187552,0.1475,4.76837158203125e-07
BiTA vs BiGRU,test_auc_historical,23,0.295712273256153,0.1701468676975411,0.3363877573008113,0.2831871352690879,0.3685134441768729,0.13,2.384185791015625e-07
BiTA vs BiGRU,test_auc_historical,24,0.30962885797054945,0.1429260659810251,0.33365955444970824,0.30151196837869165,0.36096386157046534,0.075,1.1920928955078125e-07
BiTA vs BiGRU,test_auc_historical,25,0.3328593349482857,0.10905701928786746,0.3328593349482857,0.3328593349482857,0.33285933494828573,0.0,5.960464477539063e-08
BiTA vs Transformer,test_auc_historical,3,0.4843223984910305,0.4898292383198969,0.7798368622570336,0.033618150821948065,0.9438868005699124,0.06,0.25
BiTA vs Transformer,test_auc_historical,4,0.7757746630266121,0.21856822276169086,0.5090016264616909,0.02959562636753624,0.8891274128274469,0.055,0.125
BiTA vs Transformer,test_auc_historical,5,0.7968543210885941,0.14936707579531547,0.5348409221152263,0.1694713660245199,0.8412984028716061,0.0775,0.0625
BiTA vs Transformer,test_auc_historical,6,0.979617070977517,0.06165417001537095,0.48606719082642186,0.13010222701511026,0.8040798004375496,0.115,0.03125
BiTA vs Transformer,test_auc_historical,7,0.7897933648757797,0.08164378869391399,0.45995018572983765,0.13303401936644624,0.7413416280472531,0.1475,0.015625
BiTA vs Transformer,test_auc_historical,8,0.7299195872923134,0.07784345711745755,0.4100311533300923,0.14755115904777016,0.6484777767913575,0.1225,0.0078125
BiTA vs Transformer,test_auc_historical,9,0.6963438053617375,0.0701236102309121,0.3905776646046353,0.17172190152228606,0.6128694767615832,0.1575,0.00390625
BiTA vs Transformer,test_auc_historical,10,0.6248599651707327,0.07957272746440587,0.3769589376740733,0.18815765958073502,0.5339215597798191,0.14,0.001953125
BiTA vs Transformer,test_auc_historical,11,0.6821898595085504,0.047162355637459866,0.38683487408723666,0.1977480918807597,0.5228291303008221,0.155,0.0009765625
BiTA vs Transformer,test_auc_historical,12,0.42897499403772704,0.16536375053405333,0.39582986459006336,0.22307498146379753,0.5464751947858127,0.195,0.00048828125
BiTA vs Transformer,test_auc_historical,13,0.2435560875943895,0.39710242158577125,0.36567413952415945,0.20627967152315319,0.5017153950803735,0.1375,0.000244140625
BiTA vs Transformer,test_auc_historical,14,0.27881261384672795,0.3158581319828055,0.3488981325949517,0.21470507500261837,0.47180787939828006,0.1075,0.0001220703125
BiTA vs Transformer,test_auc_historical,15,0.329351380752162,0.2228662784953786,0.3496734278963842,0.21404616798473525,0.4634579455283581,0.13,6.103515625e-05
BiTA vs Transformer,test_auc_historical,16,0.2588334981643646,0.3169168230468815,0.3661707336956173,0.24284711700805056,0.47439211126797676,0.17,3.0517578125e-05
BiTA vs Transformer,test_auc_historical,17,0.32413501725192373,0.20010038999894159,0.36151605255232033,0.2660781861943711,0.44707488411945745,0.145,1.52587890625e-05
BiTA vs Transformer,test_auc_historical,18,0.34710850355975525,0.1591166296178665,0.35365491694608303,0.2564203941763571,0.4303728430475751,0.1425,7.62939453125e-06
BiTA vs Transformer,test_auc_historical,19,0.3432975274401037,0.15187825987686643,0.3458954540364782,0.26235957235433494,0.42117928234957713,0.13,3.814697265625e-06
BiTA vs Transformer,test_auc_historical,20,0.32828343709913305,0.1584302669450489,0.36176383894351605,0.2837101426693649,0.4386544686473405,0.155,1.9073486328125e-06
BiTA vs Transformer,test_auc_historical,21,0.34910603791837747,0.12532044806237969,0.34587378301984745,0.28958084484866187,0.39794911834590213,0.11,9.5367431640625e-07
BiTA vs Transformer,test_auc_historical,22,0.34632990578617995,0.11919955365765952,0.3462937419327538,0.2971521270186964,0.3821196480806466,0.1225,4.76837158203125e-07
BiTA vs Transformer,test_auc_historical,23,0.3486795561030327,0.10864702176424425,0.35187235578487547,0.3140495878375277,0.37324926161262006,0.13,2.384185791015625e-07
BiTA vs Transformer,test_auc_historical,24,0.34642321180650676,0.10316710399222322,0.3505011911671434,0.3213823531441342,0.3641740741846629,0.0725,1.1920928955078125e-07
BiTA vs Transformer,test_auc_historical,25,0.34994344751440887,0.09294486036619193,0.34994344751440887,0.34994344751440887,0.34994344751440887,0.0,5.960464477539063e-08
BiTA vs TGN-Last,test_auc_historical,3,0.7615959182061002,0.3179055790847881,0.8453595451010262,0.17913274212008617,1.3148142889330485,0.07,0.25
BiTA vs TGN-Last,test_auc_historical,4,1.0176815335674108,0.13464638821977148,0.7101821117101312,0.10711006254247968,1.0952666392306012,0.1125,0.125
BiTA vs TGN-Last,test_auc_historical,5,1.131250494856367,0.0646954142668952,0.645286421229988,0.1964670583290375,0.9525066309449963,0.135,0.0625
BiTA vs TGN-Last,test_auc_historical,6,0.9701896964879345,0.0634418411388851,0.5960292063286851,0.15876593177388776,0.9622167764484205,0.2,0.03125
BiTA vs TGN-Last,test_auc_historical,7,1.070993912782647,0.029817082910792488,0.5639966303200128,0.13073561979920564,0.8537813605508685,0.2225,0.015625
BiTA vs TGN-Last,test_auc_historical,8,1.1695937847016673,0.01297520293261911,0.5347351673218157,0.16006829934323305,0.8515913415793623,0.2575,0.0078125
BiTA vs TGN-Last,test_auc_historical,9,1.2655573462417047,0.005261550206563866,0.5570961148762575,0.20502080971995199,0.8135715198014858,0.2875,0.00390625
BiTA vs TGN-Last,test_auc_historical,10,1.1431999659501066,0.005614339685141678,0.5141713521835609,0.1858874024672743,0.7829416187584232,0.3075,0.001953125
BiTA vs TGN-Last,test_auc_historical,11,0.9249274202408903,0.01188862133747773,0.4912699989215611,0.19287643721736247,0.7359614767697678,0.33,0.0009765625
BiTA vs TGN-Last,test_auc_historical,12,0.32695811945098346,0.28146005053046474,0.47971526482938115,0.20653137452379328,0.7407483241391305,0.3175,0.00048828125
BiTA vs TGN-Last,test_auc_historical,13,0.2380352984189594,0.407571326085441,0.4915924080315557,0.23253789352060822,0.7224627113403661,0.37,0.000244140625
BiTA vs TGN-Last,test_auc_historical,14,0.29424844822160123,0.2908750216555063,0.4574810761818686,0.2293879958403767,0.6732210201887924,0.3325,0.0001220703125
BiTA vs TGN-Last,test_auc_historical,15,0.3585348880025053,0.18665217759869704,0.4429038234918547,0.24336188371995418,0.6425152229536814,0.3075,6.103515625e-05
BiTA vs TGN-Last,test_auc_historical,16,0.32512530295684916,0.2130559532012716,0.4635820662974118,0.2729379898913882,0.6584747451692572,0.36,3.0517578125e-05
BiTA vs TGN-Last,test_auc_historical,17,0.3200888227508297,0.20548789755800823,0.45444299424395185,0.2729457844894517,0.648982074581568,0.345,1.52587890625e-05
BiTA vs TGN-Last,test_auc_historical,18,0.37266241363305563,0.1322868191215439,0.41896200733581634,0.28676598130953035,0.4873344657393077,0.2425,7.62939453125e-06
BiTA vs TGN-Last,test_auc_historical,19,0.39299217392011954,0.10388128380531883,0.41796533102508354,0.2969084063512315,0.4872023496536416,0.2525,3.814697265625e-06
BiTA vs TGN-Last,test_auc_historical,20,0.400725874615232,0.08905690144127008,0.43979394420030404,0.3196468046424179,0.4848576180087898,0.2675,1.9073486328125e-06
BiTA vs TGN-Last,test_auc_historical,21,0.3954584395467023,0.0849943558215676,0.4284148660869904,0.33176022175006836,0.4441951467749089,0.2225,9.5367431640625e-07
BiTA vs TGN-Last,test_auc_historical,22,0.41989964277572417,0.062228739620086584,0.42402528821683716,0.34090190623735567,0.42713633021756997,0.23,4.76837158203125e-07
BiTA vs TGN-Last,test_auc_historical,23,0.43453232251553386,0.0489900654807456,0.4065061190908706,0.3571000101213009,0.41820651566666556,0.2075,2.384185791015625e-07
BiTA vs TGN-Last,test_auc_historical,24,0.4369161325253512,0.04314972340214012,0.40922179338509523,0.3786269904891026,0.4123960488525017,0.23,1.1920928955078125e-07
BiTA vs TGN-Last,test_auc_historical,25,0.40711316101335343,0.05297853008219666,0.40711316101335354,0.40711316101335343,0.40711316101335343,0.0,5.960464477539063e-08
